<?xml version="1.0" encoding="UTF-8" ?>
<!DOCTYPE mapper PUBLIC "-//mybatis.org//DTD Mapper 3.0//EN" 
    "http://mybatis.org/dtd/mybatis-3-mapper.dtd">
<mapper namespace="com.example.repository.StudentRepository">

    <select id="findAll" resultType="Student">
        SELECT * FROM STUDENT
    </select>

    <select id="findById" parameterType="int" resultType="Student">
        SELECT * FROM STUDENT WHERE ID = #{id}
    </select>

    <insert id="insert" parameterType="Student">
        INSERT INTO STUDENT (ID, NAME, CLASS, TEACHER, KOREAN, ENGLISH, MATH, SCIENCE, HISTORY)
        VALUES (#{id}, #{name}, #{classNum}, #{teacher}, #{korean}, #{english}, #{math}, #{science}, #{history})
    </insert>

    <update id="update" parameterType="Student">
        UPDATE STUDENT SET 
        NAME = #{name}, CLASS = #{classNum}, TEACHER = #{teacher}, 
        KOREAN = #{korean}, ENGLISH = #{english}, MATH = #{math}, 
        SCIENCE = #{science}, HISTORY = #{history}
        WHERE ID = #{id}
    </update>

    <delete id="delete" parameterType="int">
        DELETE FROM STUDENT WHERE ID = #{id}
    </delete>

</mapper>
